path,cluster,nearest_class,max_sim
./si_dataset/shape/val_crops\OffTarget\img_0000.png,0,DoubleLoop,0.936
./si_dataset/shape/val_crops\OffTarget\img_0001.png,1,Circle,0.5249
./si_dataset/shape/val_crops\OffTarget\img_0002.png,0,Lemniscate,0.9372
./si_dataset/shape/val_crops\OffTarget\img_0003.png,0,Lemniscate,0.9313
./si_dataset/shape/val_crops\OffTarget\img_0004.png,1,Circle,0.6343
./si_dataset/shape/val_crops\OffTarget\img_0005.png,1,Circle,0.62
./si_dataset/shape/val_crops\OffTarget\img_0006.png,1,Lemniscate,0.614
./si_dataset/shape/val_crops\OffTarget\img_0007.png,1,Circle,0.5391
./si_dataset/shape/val_crops\OffTarget\img_0008.png,1,Circle,0.6797
./si_dataset/shape/val_crops\OffTarget\img_0009.png,1,Circle,0.6647
./si_dataset/shape/val_crops\OffTarget\img_0010.png,1,Circle,0.6298
./si_dataset/shape/val_crops\OffTarget\img_0011.png,1,Circle,0.6374
./si_dataset/shape/val_crops\OffTarget\img_0012.png,1,Lemniscate,0.5115
./si_dataset/shape/val_crops\OffTarget\img_0013.png,1,Circle,0.6268
./si_dataset/shape/val_crops\OffTarget\img_0014.png,0,Lemniscate,0.9359
./si_dataset/shape/val_crops\OffTarget\img_0015.png,1,Circle,0.5752
./si_dataset/shape/val_crops\OffTarget\img_0016.png,0,Lemniscate,0.9475
./si_dataset/shape/val_crops\OffTarget\img_0017.png,1,Circle,0.6206
./si_dataset/shape/val_crops\OffTarget\img_0018.png,0,Lemniscate,0.9657
./si_dataset/shape/val_crops\OffTarget\img_0019.png,1,Circle,0.5773
./si_dataset/shape/val_crops\OffTarget\img_0020.png,0,Lemniscate,0.9201
./si_dataset/shape/val_crops\OffTarget\img_0021.png,0,DoubleLoop,0.9129
./si_dataset/shape/val_crops\OffTarget\img_0022.png,0,DoubleLoop,0.9397
./si_dataset/shape/val_crops\OffTarget\img_0023.png,0,DoubleLoop,0.9588
./si_dataset/shape/val_crops\OffTarget\img_0024.png,0,Lemniscate,0.9304
./si_dataset/shape/val_crops\OffTarget\img_0025.png,0,DoubleLoop,0.9282
./si_dataset/shape/val_crops\OffTarget\img_0026.png,0,Lemniscate,0.912
./si_dataset/shape/val_crops\OffTarget\img_0027.png,0,DoubleLoop,0.8868
./si_dataset/shape/val_crops\OffTarget\img_0028.png,1,Circle,0.6056
./si_dataset/shape/val_crops\OffTarget\img_0029.png,0,DoubleLoop,0.9175
./si_dataset/shape/val_crops\OffTarget\img_0030.png,0,Lemniscate,0.9043
./si_dataset/shape/val_crops\OffTarget\img_0031.png,0,DoubleLoop,0.9164
./si_dataset/shape/val_crops\OffTarget\img_0032.png,0,Lemniscate,0.9178
./si_dataset/shape/val_crops\OffTarget\img_0033.png,0,DoubleLoop,0.9667
./si_dataset/shape/val_crops\OffTarget\img_0034.png,1,Circle,0.5977
./si_dataset/shape/val_crops\OffTarget\img_0035.png,0,Circle,0.9537
./si_dataset/shape/val_crops\OffTarget\img_0036.png,1,Lemniscate,0.5214
./si_dataset/shape/val_crops\OffTarget\img_0037.png,0,Lemniscate,0.9137
./si_dataset/shape/val_crops\OffTarget\img_0038.png,0,Lemniscate,0.8662
./si_dataset/shape/val_crops\OffTarget\img_0039.png,1,Circle,0.6445
./si_dataset/shape/val_crops\OffTarget\img_0040.png,1,Circle,0.6312
./si_dataset/shape/val_crops\OffTarget\img_0041.png,0,Lemniscate,0.9399
./si_dataset/shape/val_crops\OffTarget\img_0042.png,1,Lemniscate,0.5628
./si_dataset/shape/val_crops\OffTarget\img_0043.png,0,Lemniscate,0.9509
./si_dataset/shape/val_crops\OffTarget\img_0044.png,1,Circle,0.7066
./si_dataset/shape/val_crops\OffTarget\img_0045.png,1,Circle,0.6614
./si_dataset/shape/val_crops\OffTarget\img_0046.png,0,DoubleLoop,0.9267
./si_dataset/shape/val_crops\OffTarget\img_0047.png,0,DoubleLoop,0.9536
./si_dataset/shape/val_crops\OffTarget\img_0048.png,0,DoubleLoop,0.9153
./si_dataset/shape/val_crops\OffTarget\img_0049.png,0,DoubleLoop,0.9043
./si_dataset/shape/val_crops\OffTarget\img_0050.png,0,DoubleLoop,0.916
./si_dataset/shape/val_crops\OffTarget\img_0051.png,0,DoubleLoop,0.8958
./si_dataset/shape/val_crops\OffTarget\img_0052.png,1,Circle,0.5781
./si_dataset/shape/val_crops\OffTarget\img_0053.png,0,DoubleLoop,0.934
./si_dataset/shape/val_crops\OffTarget\img_0054.png,1,Lemniscate,0.683
./si_dataset/shape/val_crops\OffTarget\img_0055.png,0,Lemniscate,0.9604
./si_dataset/shape/val_crops\OffTarget\img_0056.png,0,DoubleLoop,0.9548
./si_dataset/shape/val_crops\OffTarget\img_0057.png,0,DoubleLoop,0.9607
./si_dataset/shape/val_crops\OffTarget\img_0058.png,0,Lemniscate,0.9285
./si_dataset/shape/val_crops\OffTarget\img_0059.png,0,Circle,0.9328
./si_dataset/shape/val_crops\OffTarget\img_0060.png,1,Circle,0.6415
./si_dataset/shape/val_crops\OffTarget\img_0061.png,0,Lemniscate,0.9537
./si_dataset/shape/val_crops\OffTarget\img_0062.png,1,Circle,0.6411
./si_dataset/shape/val_crops\OffTarget\img_0063.png,0,DoubleLoop,0.9441
./si_dataset/shape/val_crops\OffTarget\img_0064.png,0,Circle,0.9476
./si_dataset/shape/val_crops\OffTarget\img_0065.png,0,Circle,0.8892
./si_dataset/shape/val_crops\OffTarget\img_0066.png,0,Lemniscate,0.9131
./si_dataset/shape/val_crops\OffTarget\img_0067.png,0,Lemniscate,0.8765
./si_dataset/shape/val_crops\OffTarget\img_0068.png,0,DoubleLoop,0.8895
./si_dataset/shape/val_crops\OffTarget\img_0069.png,1,Circle,0.6164
./si_dataset/shape/val_crops\OffTarget\img_0070.png,1,Circle,0.6136
./si_dataset/shape/val_crops\OffTarget\img_0071.png,1,Circle,0.6214
./si_dataset/shape/val_crops\OffTarget\img_0072.png,1,Circle,0.4605
./si_dataset/shape/val_crops\OffTarget\img_0073.png,1,Circle,0.611
./si_dataset/shape/val_crops\OffTarget\img_0074.png,0,Lemniscate,0.9246
./si_dataset/shape/val_crops\OffTarget\img_0075.png,0,DoubleLoop,0.8928
./si_dataset/shape/val_crops\OffTarget\img_0076.png,0,DoubleLoop,0.9625
./si_dataset/shape/val_crops\OffTarget\img_0077.png,0,Lemniscate,0.9517
./si_dataset/shape/val_crops\OffTarget\img_0078.png,1,Circle,0.5967
./si_dataset/shape/val_crops\OffTarget\img_0079.png,0,DoubleLoop,0.9384
./si_dataset/shape/val_crops\OffTarget\img_0080.png,1,Circle,0.4692
./si_dataset/shape/val_crops\OffTarget\img_0081.png,0,Lemniscate,0.9195
./si_dataset/shape/val_crops\OffTarget\img_0082.png,0,Lemniscate,0.9365
./si_dataset/shape/val_crops\OffTarget\img_0083.png,1,Circle,0.6199
./si_dataset/shape/val_crops\OffTarget\img_0084.png,1,Lemniscate,0.5451
./si_dataset/shape/val_crops\OffTarget\img_0085.png,1,Circle,0.6174
./si_dataset/shape/val_crops\OffTarget\img_0086.png,0,Circle,0.952
./si_dataset/shape/val_crops\OffTarget\img_0087.png,1,Circle,0.6848
./si_dataset/shape/val_crops\OffTarget\img_0088.png,0,Lemniscate,0.904
./si_dataset/shape/val_crops\OffTarget\img_0089.png,0,Lemniscate,0.9103
./si_dataset/shape/val_crops\OffTarget\img_0090.png,1,Circle,0.6581
./si_dataset/shape/val_crops\OffTarget\img_0091.png,0,Lemniscate,0.9211
./si_dataset/shape/val_crops\OffTarget\img_0092.png,0,DoubleLoop,0.9161
./si_dataset/shape/val_crops\OffTarget\img_0093.png,0,DoubleLoop,0.9321
./si_dataset/shape/val_crops\OffTarget\img_0094.png,1,Circle,0.4494
./si_dataset/shape/val_crops\OffTarget\img_0095.png,1,Circle,0.59
./si_dataset/shape/val_crops\OffTarget\img_0096.png,0,Lemniscate,0.9206
./si_dataset/shape/val_crops\OffTarget\img_0097.png,0,Lemniscate,0.8653
./si_dataset/shape/val_crops\OffTarget\img_0098.png,0,Lemniscate,0.9669
./si_dataset/shape/val_crops\OffTarget\img_0099.png,0,Lemniscate,0.8771
./si_dataset/shape/val_crops\OffTarget\img_0100.png,1,Circle,0.6601
./si_dataset/shape/val_crops\OffTarget\img_0101.png,1,Circle,0.64
./si_dataset/shape/val_crops\OffTarget\img_0102.png,1,Circle,0.6826
./si_dataset/shape/val_crops\OffTarget\img_0103.png,1,Circle,0.5242
./si_dataset/shape/val_crops\OffTarget\img_0104.png,1,Circle,0.6258
./si_dataset/shape/val_crops\OffTarget\img_0105.png,0,Lemniscate,0.921
./si_dataset/shape/val_crops\OffTarget\img_0106.png,0,Lemniscate,0.9459
./si_dataset/shape/val_crops\OffTarget\img_0107.png,1,Lemniscate,0.5344
./si_dataset/shape/val_crops\OffTarget\img_0108.png,1,Circle,0.5958
./si_dataset/shape/val_crops\OffTarget\img_0109.png,0,DoubleLoop,0.9312
./si_dataset/shape/val_crops\OffTarget\img_0110.png,0,DoubleLoop,0.9413
./si_dataset/shape/val_crops\OffTarget\img_0111.png,0,DoubleLoop,0.9427
./si_dataset/shape/val_crops\OffTarget\img_0112.png,1,Circle,0.6122
./si_dataset/shape/val_crops\OffTarget\img_0113.png,0,Lemniscate,0.938
./si_dataset/shape/val_crops\OffTarget\img_0114.png,0,DoubleLoop,0.92
./si_dataset/shape/val_crops\OffTarget\img_0115.png,0,Lemniscate,0.9357
./si_dataset/shape/val_crops\OffTarget\img_0116.png,1,Circle,0.6521
./si_dataset/shape/val_crops\OffTarget\img_0117.png,1,Lemniscate,0.5099
./si_dataset/shape/val_crops\OffTarget\img_0118.png,0,Lemniscate,0.9115
./si_dataset/shape/val_crops\OffTarget\img_0119.png,0,Lemniscate,0.9264
./si_dataset/shape/val_crops\OffTarget\img_0120.png,1,Circle,0.5566
./si_dataset/shape/val_crops\OffTarget\img_0121.png,0,Lemniscate,0.9442
./si_dataset/shape/val_crops\OffTarget\img_0122.png,0,Lemniscate,0.9545
./si_dataset/shape/val_crops\OffTarget\img_0123.png,0,Lemniscate,0.9566
./si_dataset/shape/val_crops\OffTarget\img_0124.png,1,Lemniscate,0.577
./si_dataset/shape/val_crops\OffTarget\img_0125.png,0,Lemniscate,0.9541
./si_dataset/shape/val_crops\OffTarget\img_0126.png,0,Lemniscate,0.9203
./si_dataset/shape/val_crops\OffTarget\img_0127.png,0,DoubleLoop,0.9666
./si_dataset/shape/val_crops\OffTarget\img_0128.png,0,DoubleLoop,0.8928
./si_dataset/shape/val_crops\OffTarget\img_0129.png,1,Lemniscate,0.6525
./si_dataset/shape/val_crops\OffTarget\img_0130.png,0,DoubleLoop,0.9637
./si_dataset/shape/val_crops\OffTarget\img_0131.png,0,Lemniscate,0.9276
./si_dataset/shape/val_crops\OffTarget\img_0132.png,0,Lemniscate,0.9254
./si_dataset/shape/val_crops\OffTarget\img_0133.png,1,Lemniscate,0.6119
./si_dataset/shape/val_crops\OffTarget\img_0134.png,1,Lemniscate,0.6182
./si_dataset/shape/val_crops\OffTarget\img_0135.png,1,Circle,0.6854
./si_dataset/shape/val_crops\OffTarget\img_0136.png,0,Lemniscate,0.9449
./si_dataset/shape/val_crops\OffTarget\img_0137.png,1,Circle,0.71
./si_dataset/shape/val_crops\OffTarget\img_0138.png,0,Lemniscate,0.9388
./si_dataset/shape/val_crops\OffTarget\img_0139.png,1,Circle,0.5619
./si_dataset/shape/val_crops\OffTarget\img_0140.png,0,Lemniscate,0.8583
./si_dataset/shape/val_crops\OffTarget\img_0141.png,1,Circle,0.5864
./si_dataset/shape/val_crops\OffTarget\img_0142.png,1,Circle,0.5546
./si_dataset/shape/val_crops\OffTarget\img_0143.png,0,Lemniscate,0.912
./si_dataset/shape/val_crops\OffTarget\img_0144.png,0,Lemniscate,0.9222
./si_dataset/shape/val_crops\OffTarget\img_0145.png,0,Lemniscate,0.9046
./si_dataset/shape/val_crops\OffTarget\img_0146.png,0,Lemniscate,0.8953
./si_dataset/shape/val_crops\OffTarget\img_0147.png,1,Circle,0.5644
./si_dataset/shape/val_crops\OffTarget\img_0148.png,0,Lemniscate,0.886
./si_dataset/shape/val_crops\OffTarget\img_0149.png,0,Lemniscate,0.9175
./si_dataset/shape/val_crops\OffTarget\img_0150.png,0,Lemniscate,0.9463
./si_dataset/shape/val_crops\OffTarget\img_0151.png,0,Lemniscate,0.9163
./si_dataset/shape/val_crops\OffTarget\img_0152.png,0,Lemniscate,0.9251
./si_dataset/shape/val_crops\OffTarget\img_0153.png,1,Circle,0.5428
./si_dataset/shape/val_crops\OffTarget\img_0154.png,1,Circle,0.5746
./si_dataset/shape/val_crops\OffTarget\img_0155.png,0,Lemniscate,0.9054
./si_dataset/shape/val_crops\OffTarget\img_0156.png,1,Circle,0.6383
./si_dataset/shape/val_crops\OffTarget\img_0157.png,0,Lemniscate,0.9486
./si_dataset/shape/val_crops\OffTarget\img_0158.png,1,Circle,0.6444
./si_dataset/shape/val_crops\OffTarget\img_0159.png,1,Circle,0.5992
./si_dataset/shape/val_crops\OffTarget\img_0160.png,0,Lemniscate,0.9476
./si_dataset/shape/val_crops\OffTarget\img_0161.png,1,Circle,0.6157
./si_dataset/shape/val_crops\OffTarget\img_0162.png,1,Circle,0.6517
./si_dataset/shape/val_crops\OffTarget\img_0163.png,0,DoubleLoop,0.9405
./si_dataset/shape/val_crops\OffTarget\img_0164.png,0,Lemniscate,0.95
./si_dataset/shape/val_crops\OffTarget\img_0165.png,1,Circle,0.5664
./si_dataset/shape/val_crops\OffTarget\img_0166.png,1,Lemniscate,0.6378
./si_dataset/shape/val_crops\OffTarget\img_0167.png,0,Circle,0.9149
./si_dataset/shape/val_crops\OffTarget\img_0168.png,0,Lemniscate,0.9446
./si_dataset/shape/val_crops\OffTarget\img_0169.png,1,Circle,0.6242
./si_dataset/shape/val_crops\OffTarget\img_0170.png,1,Lemniscate,0.5131
./si_dataset/shape/val_crops\OffTarget\img_0171.png,1,Circle,0.5472
./si_dataset/shape/val_crops\OffTarget\img_0172.png,0,Lemniscate,0.9417
./si_dataset/shape/val_crops\OffTarget\img_0173.png,1,Circle,0.5925
./si_dataset/shape/val_crops\OffTarget\img_0174.png,1,Circle,0.602
./si_dataset/shape/val_crops\OffTarget\img_0175.png,0,Lemniscate,0.9212
./si_dataset/shape/val_crops\OffTarget\img_0176.png,1,Circle,0.6747
./si_dataset/shape/val_crops\OffTarget\img_0177.png,0,Lemniscate,0.9293
./si_dataset/shape/val_crops\OffTarget\img_0178.png,1,Circle,0.5599
./si_dataset/shape/val_crops\OffTarget\img_0179.png,0,DoubleLoop,0.9627
./si_dataset/shape/val_crops\OffTarget\img_0180.png,1,Lemniscate,0.5918
./si_dataset/shape/val_crops\OffTarget\img_0181.png,0,DoubleLoop,0.9338
./si_dataset/shape/val_crops\OffTarget\img_0182.png,1,Lemniscate,0.654
./si_dataset/shape/val_crops\OffTarget\img_0183.png,0,Lemniscate,0.9269
./si_dataset/shape/val_crops\OffTarget\img_0184.png,0,Lemniscate,0.9361
./si_dataset/shape/val_crops\OffTarget\img_0185.png,1,Circle,0.6746
./si_dataset/shape/val_crops\OffTarget\img_0186.png,0,Lemniscate,0.9399
./si_dataset/shape/val_crops\OffTarget\img_0187.png,0,Lemniscate,0.936
./si_dataset/shape/val_crops\OffTarget\img_0188.png,0,Lemniscate,0.9281
./si_dataset/shape/val_crops\OffTarget\img_0189.png,1,Lemniscate,0.5974
./si_dataset/shape/val_crops\OffTarget\img_0190.png,1,Circle,0.4475
./si_dataset/shape/val_crops\OffTarget\img_0191.png,0,Lemniscate,0.9611
./si_dataset/shape/val_crops\OffTarget\img_0192.png,0,Lemniscate,0.9302
./si_dataset/shape/val_crops\OffTarget\img_0193.png,1,Circle,0.6985
./si_dataset/shape/val_crops\OffTarget\img_0194.png,0,Lemniscate,0.9364
./si_dataset/shape/val_crops\OffTarget\img_0195.png,0,Circle,0.9027
./si_dataset/shape/val_crops\OffTarget\img_0196.png,0,Lemniscate,0.8679
./si_dataset/shape/val_crops\OffTarget\img_0197.png,1,Circle,0.6292
./si_dataset/shape/val_crops\OffTarget\img_0198.png,1,Lemniscate,0.7185
./si_dataset/shape/val_crops\OffTarget\img_0199.png,0,Lemniscate,0.9308
./si_dataset/shape/val_crops\OffTarget\img_0200.png,1,Circle,0.5925
./si_dataset/shape/val_crops\OffTarget\img_0201.png,0,Lemniscate,0.94
./si_dataset/shape/val_crops\OffTarget\img_0202.png,1,Circle,0.6017
./si_dataset/shape/val_crops\OffTarget\img_0203.png,1,Circle,0.6564
./si_dataset/shape/val_crops\OffTarget\img_0204.png,0,DoubleLoop,0.9475
./si_dataset/shape/val_crops\OffTarget\img_0205.png,1,Lemniscate,0.5591
./si_dataset/shape/val_crops\OffTarget\img_0206.png,0,Lemniscate,0.9218
./si_dataset/shape/val_crops\OffTarget\img_0207.png,0,Lemniscate,0.942
./si_dataset/shape/val_crops\OffTarget\img_0208.png,0,Lemniscate,0.9112
./si_dataset/shape/val_crops\OffTarget\img_0209.png,1,Lemniscate,0.5366
./si_dataset/shape/val_crops\OffTarget\img_0210.png,0,Circle,0.9132
./si_dataset/shape/val_crops\OffTarget\img_0211.png,1,Circle,0.549
./si_dataset/shape/val_crops\OffTarget\img_0212.png,0,Lemniscate,0.939
./si_dataset/shape/val_crops\OffTarget\img_0213.png,0,Lemniscate,0.9589
./si_dataset/shape/val_crops\OffTarget\img_0214.png,1,Circle,0.6075
./si_dataset/shape/val_crops\OffTarget\img_0215.png,0,Lemniscate,0.9553
./si_dataset/shape/val_crops\OffTarget\img_0216.png,0,Lemniscate,0.9233
./si_dataset/shape/val_crops\OffTarget\img_0217.png,0,Lemniscate,0.9546
./si_dataset/shape/val_crops\OffTarget\img_0218.png,0,Lemniscate,0.9092
./si_dataset/shape/val_crops\OffTarget\img_0219.png,1,Circle,0.6189
./si_dataset/shape/val_crops\OffTarget\img_0220.png,1,Circle,0.6494
./si_dataset/shape/val_crops\OffTarget\img_0221.png,0,Lemniscate,0.8322
./si_dataset/shape/val_crops\OffTarget\img_0222.png,1,Circle,0.5444
./si_dataset/shape/val_crops\OffTarget\img_0223.png,0,DoubleLoop,0.9274
./si_dataset/shape/val_crops\OffTarget\img_0224.png,1,Lemniscate,0.6283
./si_dataset/shape/val_crops\OffTarget\img_0225.png,0,Circle,0.9374
./si_dataset/shape/val_crops\OffTarget\img_0226.png,1,Circle,0.5935
./si_dataset/shape/val_crops\OffTarget\img_0227.png,1,Lemniscate,0.5273
./si_dataset/shape/val_crops\OffTarget\img_0228.png,1,Circle,0.6548
./si_dataset/shape/val_crops\OffTarget\img_0229.png,0,DoubleLoop,0.9359
./si_dataset/shape/val_crops\OffTarget\img_0230.png,1,Lemniscate,0.5506
./si_dataset/shape/val_crops\OffTarget\img_0231.png,1,Lemniscate,0.6357
./si_dataset/shape/val_crops\OffTarget\img_0232.png,1,Circle,0.5227
./si_dataset/shape/val_crops\OffTarget\img_0233.png,0,Lemniscate,0.8445
./si_dataset/shape/val_crops\OffTarget\img_0234.png,1,Lemniscate,0.4968
./si_dataset/shape/val_crops\OffTarget\img_0235.png,0,Lemniscate,0.9257
./si_dataset/shape/val_crops\OffTarget\img_0236.png,1,Circle,0.5283
./si_dataset/shape/val_crops\OffTarget\img_0237.png,1,Lemniscate,0.684
./si_dataset/shape/val_crops\OffTarget\img_0238.png,1,Circle,0.5797
./si_dataset/shape/val_crops\OffTarget\img_0239.png,1,Circle,0.6449
./si_dataset/shape/val_crops\OffTarget\img_0240.png,1,Circle,0.5533
./si_dataset/shape/val_crops\OffTarget\img_0241.png,0,Lemniscate,0.8863
./si_dataset/shape/val_crops\OffTarget\img_0242.png,1,Lemniscate,0.5618
./si_dataset/shape/val_crops\OffTarget\img_0243.png,0,DoubleLoop,0.9681
./si_dataset/shape/val_crops\OffTarget\img_0244.png,0,Lemniscate,0.9547
./si_dataset/shape/val_crops\OffTarget\img_0245.png,0,Lemniscate,0.9223
./si_dataset/shape/val_crops\OffTarget\img_0246.png,0,Lemniscate,0.9686
./si_dataset/shape/val_crops\OffTarget\img_0247.png,1,Circle,0.6256
./si_dataset/shape/val_crops\OffTarget\img_0248.png,0,Lemniscate,0.8761
./si_dataset/shape/val_crops\OffTarget\img_0249.png,1,Circle,0.6007
./si_dataset/shape/val_crops\OffTarget\img_0250.png,0,Lemniscate,0.929
./si_dataset/shape/val_crops\OffTarget\img_0251.png,1,Circle,0.6134
./si_dataset/shape/val_crops\OffTarget\img_0252.png,1,Lemniscate,0.5789
./si_dataset/shape/val_crops\OffTarget\img_0253.png,0,DoubleLoop,0.9403
./si_dataset/shape/val_crops\OffTarget\img_0254.png,0,DoubleLoop,0.8398
./si_dataset/shape/val_crops\OffTarget\img_0255.png,0,Lemniscate,0.9051
